"Gwyneth's Gift Volunteer Email Info","Report date: December 02, 2022"

Name,Email
"A, AAAagain",yahoo@aol.com
"Aaaganf, Aaagan",
"AconTestAgain, AconTest",
"Addall, AddAllRadioTest",blah@yahoo.com
"AddCompD, AddCompDrop",
"AddCont, AddcontName",
"Addm, AddMethod",hi@gmail.com
"Addme, AddmeToCalendar",
"Addmeagain, AddTestNew",yahoo@gmail.com
"Addmore, AddMoreDrops",drops@aol.com
"addradio, Addradiotest",
"Addshirtdrop, AddShirtDrop",
"AddT, AddTabI",
"Addt, AddTest",
"Addtrad, AddTransRadio",tab@yahoo.com
"AddtradAgain, AddTransRadioAgain",tab@yahoo.com
"Afirst, AfirstTest",
"Aguest, AguestTest",guest8@yahoo.com
"Allen, Alex",hello@outlook.com
"AnewApplicant, ApplyasGuest",guest@gmail.com
"AnotherDrop, AddAnotherDrop",drop@gmai.com
"AnotherVolunteer, AnewVol",yup@outlook.com
"Aportlandtwo, Aportland",
"appagain, AnotherApplican",imanemail@email.com
"Apple, Alice",
"apple, AppAval",hi@outlook.com
"apples, AwholeNewApplican",apples@gmail.com
"applicant, Allen",
"applicant, GuestAval",av@gmail.com
"applicant, ImAGuest",hello@gmail.com
"appportland, Aaportland",
"appy, GuestAvalAgain",hi@yahoo.com
"Aradio, AradioTest",hi@outlook.com
"DefaultVol, posType",hi@outlook.com
"HI, RadioType",hi@outlook.com
"ImAguest, guesty",guesty@yahoo.com
"Jones, Aaron",jonesey@yahoo.com
"Jones, Admin",admin@yahoo.com
"Jones, Adrien",jonesey@yahoo.com
"Jones, alisa",jonesey@yahoo.com
"Jones, Allyson",jonesey@yahoo.com
"Jones, Amanda",jonesey@yahoo.com
"Jones, Amber",jonesey@yahoo.com
"Jones, Amy",jonesey@yahoo.com
"Jones, Amy",jonesey@yahoo.com
"Jones, Amy",jonesey@yahoo.com
"Jones, Andrea",jonesey@yahoo.com
"Jones, Andy and Lisa",jonesey@yahoo.com
"Jones, Angela",jonesey@yahoo.com
"Jones, Ann",jonesey@yahoo.com
"Jones, Ann",jonesey@yahoo.com
"Jones, Anna",jonesey@yahoo.com
"Jones, Anna",jonesey@yahoo.com
"Jones, Anne",jonesey@yahoo.com
"Jones, Annie",jonesey@yahoo.com
"Jones, Annie",jonesey@yahoo.com
"Jones, April",jonesey@yahoo.com
"Jones, April",jonesey@yahoo.com
"Jones, Arthur",jonesey@yahoo.com
"Jones, ASG",jonesey@yahoo.com
"Jones, Avanel",jonesey@yahoo.com
"Jones, Aynne",jonesey@yahoo.com
"Jones, Barbara",jonesey@yahoo.com
"Jones, Becky",jonesey@yahoo.com
"Jones, Becky",jonesey@yahoo.com
"Jones, Ben",jonesey@yahoo.com
"Jones, Beth",jonesey@yahoo.com
"Jones, Betsy",jonesey@yahoo.com
"Jones, Betty Jane and Carl",jonesey@yahoo.com
"Jones, Beverly",jonesey@yahoo.com
"Jones, Bobbi",jonesey@yahoo.com
"Jones, Bonnie",jonesey@yahoo.com
"Jones, Brian",jonesey@yahoo.com
"Jones, Brooke",jonesey@yahoo.com
"Jones, Bryce",jonesey@yahoo.com
"Jones, Caitlin",jonesey@yahoo.com
"Jones, Carly",jonesey@yahoo.com
"Jones, Carolyn",jonesey@yahoo.com
"Jones, Catherine",jonesey@yahoo.com
"Jones, Cathy",jonesey@yahoo.com
"Jones, Cathy",jonesey@yahoo.com
"Jones, Charlie",jonesey@yahoo.com
"Jones, Chelsea",jonesey@yahoo.com
"Jones, Cheryl",jonesey@yahoo.com
"Jones, Cheryl",jonesey@yahoo.com
"Jones, Cheryl",jonesey@yahoo.com
"Jones, Cheryl",jonesey@yahoo.com
"Jones, Chloe",jonesey@yahoo.com
"Jones, Chris",jonesey@yahoo.com
"Jones, Christine and Duane",jonesey@yahoo.com
"Jones, Cindy",jonesey@yahoo.com
"Jones, Cindy",jonesey@yahoo.com
"Jones, Cindy",jonesey@yahoo.com
"Jones, Cindy",jonesey@yahoo.com
"Jones, Claire",jonesey@yahoo.com
"Jones, Claire",jonesey@yahoo.com
"Jones, Claudia",jonesey@yahoo.com
"Jones, Craig",jonesey@yahoo.com
"Jones, Daniel",jonesey@yahoo.com
"Jones, Daniel",jonesey@yahoo.com
"Jones, Daryn",jonesey@yahoo.com
"Jones, David",jonesey@yahoo.com
"Jones, David",jonesey@yahoo.com
"Jones, David",jonesey@yahoo.com
"Jones, David",jonesey@yahoo.com
"Jones, Deb",jonesey@yahoo.com
"Jones, Debbie",jonesey@yahoo.com
"Jones, Deborah",jonesey@yahoo.com
"Jones, Debra",jonesey@yahoo.com
"Jones, Dee",jonesey@yahoo.com
"Jones, Diana",jonesey@yahoo.com
"Jones, Elaine",jonesey@yahoo.com
"Jones, Ellen",jonesey@yahoo.com
"Jones, Ellen",jonesey@yahoo.com
"Jones, Ellen",jonesey@yahoo.com
"Jones, Ellen",jonesey@yahoo.com
"Jones, Ellen",jonesey@yahoo.com
"Jones, Eric",jonesey@yahoo.com
"Jones, Erin",jonesey@yahoo.com
"Jones, Eryn",jonesey@yahoo.com
"Jones, Estelle",jonesey@yahoo.com
"Jones, Evan",jonesey@yahoo.com
"Jones, Evelyn",jonesey@yahoo.com
"Jones, Fran",jonesey@yahoo.com
"Jones, Frank and Bette",jonesey@yahoo.com
"Jones, Gaye",jonesey@yahoo.com
"Jones, Gayla",jonesey@yahoo.com
"Jones, Gerry",jonesey@yahoo.com
"Jones, Gibbs",jonesey@yahoo.com
"Jones, Gil and Bonnie",jonesey@yahoo.com
"Jones, Gisele",jonesey@yahoo.com
"Jones, Glenn and Deborah",jonesey@yahoo.com
"Jones, Gloria",jonesey@yahoo.com
"Jones, Grace",jonesey@yahoo.com
"Jones, Gregory",jonesey@yahoo.com
"Jones, Hannah",jonesey@yahoo.com
"Jones, Helen",jonesey@yahoo.com
"Jones, Iola",jonesey@yahoo.com
"Jones, Jana",jonesey@yahoo.com
"Jones, Jane",jonesey@yahoo.com
"Jones, Jeanette",jonesey@yahoo.com
"Jones, Jeannie",jonesey@yahoo.com
"Jones, Jennifer",jonesey@yahoo.com
"Jones, Jennifer",jonesey@yahoo.com
"Jones, Jill",jonesey@yahoo.com
"Jones, Jill and Peter",jonesey@yahoo.com
"Jones, Jillaine",jonesey@yahoo.com
"Jones, Jim",jonesey@yahoo.com
"Jones, Joan",jonesey@yahoo.com
"Jones, Joanie",jonesey@yahoo.com
"Jones, Joanne",jonesey@yahoo.com
"Jones, Joanne",jonesey@yahoo.com
"Jones, Jody",jonesey@yahoo.com
"Jones, John",jonesey@yahoo.com
"Jones, John",jonesey@yahoo.com
"Jones, John",jonesey@yahoo.com
"Jones, John",jonesey@yahoo.com
"Jones, Josh",jonesey@yahoo.com
"Jones, Judy and Rod",jonesey@yahoo.com
"Jones, Julienne",jonesey@yahoo.com
"Jones, Kaite",jonesey@yahoo.com
"Jones, Kara",jonesey@yahoo.com
"Jones, Kassey",jonesey@yahoo.com
"Jones, Kate",jonesey@yahoo.com
"Jones, Kathleen",jonesey@yahoo.com
"Jones, Kellie and Alex",jonesey@yahoo.com
"Jones, Kelly",jonesey@yahoo.com
"Jones, Kevin and Nathalie",jonesey@yahoo.com
"Jones, Kim",jonesey@yahoo.com
"Jones, Kimberly",jonesey@yahoo.com
"Jones, Kirsten",jonesey@yahoo.com
"Jones, Kristen",jonesey@yahoo.com
"Jones, Kristine",jonesey@yahoo.com
"Jones, Kyle",jonesey@yahoo.com
"Jones, Kym",jonesey@yahoo.com
"Jones, Lance",jonesey@yahoo.com
"Jones, Laura",jonesey@yahoo.com
"Jones, Laureen",jonesey@yahoo.com
"Jones, Lauren",jonesey@yahoo.com
"Jones, LeeAnn",jonesey@yahoo.com
"Jones, Leigh",jonesey@yahoo.com
"Jones, Leslie and Craig",jonesey@yahoo.com
"Jones, Libby",jonesey@yahoo.com
"Jones, Linda",jonesey@yahoo.com
"Jones, Linda",jonesey@yahoo.com
"Jones, Lisa",jonesey@yahoo.com
"Jones, Lisa",jonesey@yahoo.com
"Jones, Lisa",jonesey@yahoo.com
"Jones, Liset and David",jonesey@yahoo.com
"Jones, Liz",jonesey@yahoo.com
"Jones, Lora",jonesey@yahoo.com
"Jones, Lorraine (Lorrie)",jonesey@yahoo.com
"Jones, Louise",jonesey@yahoo.com
"Jones, Lucy",jonesey@yahoo.com
"Jones, Margi",jonesey@yahoo.com
"Jones, Marie",jonesey@yahoo.com
"Jones, Marilee",jonesey@yahoo.com
"Jones, Marilyn",jonesey@yahoo.com
"Jones, Marjorie",jonesey@yahoo.com
"Jones, Mary",jonesey@yahoo.com
"Jones, Mary",jonesey@yahoo.com
"Jones, Mary",jonesey@yahoo.com
"Jones, Mary",jonesey@yahoo.com
"Jones, Mary Ann",jonesey@yahoo.com
"Jones, Mary Murray",jonesey@yahoo.com
"Jones, Matthew",jonesey@yahoo.com
"Jones, Maureen",jonesey@yahoo.com
"Jones, Maxine",jonesey@yahoo.com
"Jones, Meg",jonesey@yahoo.com
"Jones, Meg",jonesey@yahoo.com
"Jones, Melissa",jonesey@yahoo.com
"Jones, Melissa",jonesey@yahoo.com
"Jones, Michael",jonesey@yahoo.com
"Jones, Michelle",jonesey@yahoo.com
"Jones, Michelle",jonesey@yahoo.com
"Jones, Michelle",jonesey@yahoo.com
"Jones, Michelle",jonesey@yahoo.com
"Jones, Mims",jonesey@yahoo.com
"Jones, Monica",jonesey@yahoo.com
"Jones, Monique",jonesey@yahoo.com
"Jones, Nancy",jonesey@yahoo.com
"Jones, Nancy",jonesey@yahoo.com
"Jones, Nancy",jonesey@yahoo.com
"Jones, Nancy",jonesey@yahoo.com
"Jones, Nancy",jonesey@yahoo.com
"Jones, Nancy and Chris",jonesey@yahoo.com
"Jones, Nannette",jonesey@yahoo.com
"Jones, Nicki",jonesey@yahoo.com
"Jones, Nicole",jonesey@yahoo.com
"Jones, Nina",jonesey@yahoo.com
"Jones, Nonie",jonesey@yahoo.com
"Jones, Pam",jonesey@yahoo.com
"Jones, Pat",jonesey@yahoo.com
"Jones, Pat",jonesey@yahoo.com
"Jones, Pat",jonesey@yahoo.com
"Jones, Pat",jonesey@yahoo.com
"Jones, Patti",jonesey@yahoo.com
"Jones, Paul",jonesey@yahoo.com
"Jones, Peter",jonesey@yahoo.com
"Jones, Peter",jonesey@yahoo.com
"Jones, Peter and Suzanne",jonesey@yahoo.com
"Jones, Rachel",jonesey@yahoo.com
"Jones, Reeven",jonesey@yahoo.com
"Jones, Rita",jonesey@yahoo.com
"Jones, Robert",jonesey@yahoo.com
"Jones, Robin",jonesey@yahoo.com
"Jones, Rosemary",jonesey@yahoo.com
"Jones, Russ",jonesey@yahoo.com
"Jones, Russ and Ann",jonesey@yahoo.com
"Jones, Sally",jonesey@yahoo.com
"Jones, Samantha",jonesey@yahoo.com
"Jones, Sarah",jonesey@yahoo.com
"Jones, Sarah",jonesey@yahoo.com
"Jones, Sarah",jonesey@yahoo.com
"Jones, Seth",jonesey@yahoo.com
"Jones, Shanna and Matthew",jonesey@yahoo.com
"Jones, Shelby",jonesey@yahoo.com
"Jones, Sonia",jonesey@yahoo.com
"Jones, Stacey",jonesey@yahoo.com
"Jones, Stacie",jonesey@yahoo.com
"Jones, Stacy",jonesey@yahoo.com
"Jones, Star",jonesey@yahoo.com
"Jones, Stephanie",jonesey@yahoo.com
"Jones, Steve",jonesey@yahoo.com
"Jones, Sue",jonesey@yahoo.com
"Jones, Susan",jonesey@yahoo.com
"Jones, Susan",jonesey@yahoo.com
"Jones, Susan",jonesey@yahoo.com
"Jones, Susan and Dennis",jonesey@yahoo.com
"Jones, Suzanne",jonesey@yahoo.com
"Jones, Suzanne",jonesey@yahoo.com
"Jones, Suzanne",jonesey@yahoo.com
"Jones, Tara",jonesey@yahoo.com
"Jones, Taylor",jonesey@yahoo.com
"Jones, Thorne",jonesey@yahoo.com
"Jones, Tom",jonesey@yahoo.com
"Jones, Torrey",jonesey@yahoo.com
"Jones, Vickie",jonesey@yahoo.com
"Jones, Vida",jonesey@yahoo.com
"Jones, Volunteer",jonesey@yahoo.com
"Jones, Wendy",jonesey@yahoo.com
"Jones, Wes",jonesey@yahoo.com
"Jones, Zeynep",jonesey@yahoo.com
"SiteAdmin, GwynethsGiftAdmin",info@gwynethsgift.org
"test, availability",y@outlook.com
"testingggg, AnotherAvalTest",h@yahoo.com
"testt, ActiveAval",hi@outlook.com
"testttttt, PosTypeTest",hi@outlook.com
"Type, GuestAppTest",hi@outlook.com
"volunt, today",hi@gmail.com
"Volunteer, Active",hi@outlook.com
